상품명,가격,배송비,url
애플 Apple 아이폰 16e 128GB 미개봉 새제품,"440,000원",배송비무료,https://cr.shopping.naver.com/adcr?x=X2TGtGQRkTjHhCOGyVVv8%2F%2F%2F%2Fw%3D%3DsxqgT3YLBKNR8P%2F%2FQh%2BZDKSxZcvrUPzk97ASbS4kXSCByoYErd7Wx1dfdVO6hh7qVcmnYYYpMArl3fmhgTf1wIMKdlAuo4CRofAy%2FiHp8jqv8RtWXQ%2B4yWv%2FzzZujOpojWepE%2BC3XPUi4bwe%2B6A28OZyc5HtxS5hSFJfUgnF%2F6MKz7xM%2FbRzMnUeox4iL%2BtiByaxxRm4H8HcYDi0B3B3iQmfQT7uWwvxdz8nMvhXCKF36a1IbrOU94c1aiygYUf%2Bv0CJDJlVzUv6Hh7a9pJH55RKy3LoYl2rVajvOxbF9h7C54J8UO7LDGXdPU9Do8oyMXmq0wb8nQ9S1CNyVqQgAyCUPDABcN7Hkf6023Z%2FxuMfOY3Zl59jNNefyRb5L%2F1wGK98KaIZa4VBE0V5wqYGSTlL5lit6B2eXe%2BNXAwrOVCqQoF9qinDJPXbCsr3rbDZdVDcn730RNf8y0MSNUKFNzqhc%2Be64dvjtVLOvhQQ6Y9r0taFrpSGtjFfEW%2BzQ0%2BmZuziNvHcy03kZmVEMBpOj5hdv8f76rKXjJH00CpvGhZ5pkcX8KK7Cg7nHRc6cNRH1y8PMWokf6nkXYpCYb0D4R6KbwnF1n%2BEzsxVb105c9hjY908EPgePLwZoA3PeJ4GoMlNtytYVzB30AfLZyaHUpWtY0vFGtYcImi51jMcKK8ZAmmETy2KpaguBC8RJwiSThFtib8%2FhBYY63Uybk0oFl0%2BPiwE0%2FxEwLe7ZRH7YTlnLVWGr8fvvH1mWvUgXPK6j&nvMid=89877627274&catId=50001519
[대여] 애플 17 프로 아이폰 대여 렌탈 합정 잠실 서울역,"29,600원",배송비무료,https://cr.shopping.naver.com/adcr?x=dPDAYZlf2Mr%2Bf2W5ltp%2B7%2F%2F%2F%2Fw%3D%3DsF9G0OKJBpK1ea1PNPLo9DGU6JGRad8ekE6qQ%2Bbe49NNyoYErd7Wx1dfdVO6hh7qVXbO7KyXJ5lajCrFxqpg%2BZ8KdlAuo4CRofAy%2FiHp8jqv8RtWXQ%2B4yWv%2FzzZujOpojWepE%2BC3XPUi4bwe%2B6A28OZyc5HtxS5hSFJfUgnF%2F6MKz7xM%2FbRzMnUeox4iL%2BtiByaxxRm4H8HcYDi0B3B3iQmfQT7uWwvxdz8nMvhXCKF0oyQ0fzbU1Rctud7qIKtJ%2B0CJDJlVzUv6Hh7a9pJH55RKy3LoYl2rVajvOxbF9h7C54J8UO7LDGXdPU9Do8oyMXmq0wb8nQ9S1CNyVqQgAyJF9T7qTef%2BaPvfJ%2BzHHS7Xhp8SuyRZwJWlcFmMJwEOPAeuQKgRq6z4fGpaOnMSDdlL5lit6B2eXe%2BNXAwrOVCqQoF9qinDJPXbCsr3rbDZdVDcn730RNf8y0MSNUKFNzqhc%2Be64dvjtVLOvhQQ6Y9pmeKJo1gEe0PkpGaFUwOJv86E1M6MRY8y4mfb59r5haVB5dRjo0cSMbnBIRXLMvEP6Q0WigcsxHXGdJUo5YCkpBJetKCm%2BSvf8%2FK371lxQdYtP2eKRruSkp8gBNXQhwyedTY4JLYzjsFC8%2Fcge5Wpzac7orcamYov3TzVQJKS1gzA%2BvOfH7PZQwfv%2Bwgqpzi2jrgWQ%2F0JBsjHud4pzo5y10HW9tqK1rR3cMA2ZG7gsyM5KWQ6JbBXC%2F7E8m%2BJB7X6RZbUe4GHemxV5MhR1oZfv5Hv1T%2FoDPeAT2ZD%2BWCfnsQ%3D%3D&nvMid=89926920107&catId=50000249
아이폰 17e 256GB [자급제],"최저990,000원",배송비무료,https://cr.shopping.naver.com/adcr?x=LFJIOWveNmCqHWPRNpe5bP%2F%2F%2Fw%3D%3DsJI79sRbxZi7jvKQDeWbflgvFoWFdAL1nEJjVsXJuLCLxTAJR5s3V3RheLYZrm3hTB2Kbc8sYL9z4IupkvDeAw2g6HabDTRx466CGciRiUnFBZuMfzSBinsMMtj7lqMfUEfgrM5HQzlTMQ9S1ZukRB54Qz6BmkUWnhlyhzEn3pxv5pu%2F3%2FpQ545OibOGRoXWV334rL%2BbR36BhYe0R%2FrUmjkI1yUrC8vID%2FKz%2F8c89qMu2J2cmJGDnOTQy7V0rAAlZY2ZxuAuvSW7ZwIsaDJftz694IFlqpi2PXO88uXmhtpEbvXdPY6%2Bs7K1BRmZuM%2F2sIYcO%2BwZChQd38bYTPmzUgD9rXyqENDUD8omnd%2BAEOivf3Vb8LXDlJWzaxi1N0VJ6UKVnWnX8ECvqCQLP1YSWeVC8IvS%2BNPsEPJ7D6mlNi%2F5xE2%2BaQKQZMQadDGOBAZIq3gWN6W2GagqosRobjYedgBGJfVGaCStGMucxBS5Jw3XDlLc067aV0j95VySDsDgc7ou62Hl0mxddHx6BWeRVhn7RKSPxUkPufsIWA4HVzAAulMSXmodDptJZCDmbU%2FWS8S21Oey7jc5pxS8BquOSqKp%2FI5hvJgTsM5aBArZ3Fd3lE80KNwbfNxekQsGJejRk6yaap5oNIJV%2BkWhagbztvVLGHznQOI20dXS3B5o8%2F7xxZoSd0kVtOwQ4P2MFW0wQAYTYOqTv%2FsOm0kcFv3bjpIg9bInPqUA8rujiGhebxXYLuZ6CE7ANv3Quu9%2BiwrMJA35CyMrpXQUt3%2FJvHupy5s1ITc7NlRPvorKrNyQBKaY%3D&nvMid=59125506333&catId=50001519
아이폰 17 512GB [자급제],"최저1,526,400원",배송비무료,https://cr.shopping.naver.com/adcr?x=6Vp%2FSMFMj3mLE3SVt39SAf%2F%2F%2Fw%3D%3DskLvDQ%2FWz7gYI6MhEeckTn1iwgni%2FIk%2BHAPn3mDULHbJyoYErd7Wx1dfdVO6hh7qV1RFmX6FaFsNKHhADWWlZJcKdlAuo4CRofAy%2FiHp8jqv8RtWXQ%2B4yWv%2FzzZujOpojWepE%2BC3XPUi4bwe%2B6A28OZyc5HtxS5hSFJfUgnF%2F6MKz7xM%2FbRzMnUeox4iL%2BtiBhmeWtJmvw8M90EK%2Bzy5a114nEdwofithSFzlLG8az9ASBNXkEhetsnaK17idpx5DIk7uNvEAL%2BEcmclsT2kPbblIRP%2BZOH7CveIqcMav0VGhrlJb2QGQvUWr8W3ojpnmMWit%2FicZSA%2FCK%2Fne362WaoBsJjzV%2F3vl5Lmd9HbkUGI%2FzdYC%2FwYAihDQzAs9Z5v9F1x26UXtaZGAkhADrS3V5LNoujdiiNe5Aky91pn4j%2FKFvIJJK89HyB%2F1VSF9qpB8z06a5i2ttOqXZD2Ym%2FtufzQW2tmil%2BKwFmbgnP0tlTbSHZ2jovQrbtm%2FvnR95HArkVEzBTCDFwT1FHHcnBo2PS9D7lwj2%2FzVh8CYLmBaMZfqbWD5xIhUwkKgfHEEIBUoQ5NpxzD%2BGh1Qsf3DjaBN7oU5XRhGDzc2V9V0fZcpDkAPVL%2B%2Frl5PLPXtI0kaP8Pk8R6ekwGaJgX41%2FFlLCd0wCkg%2F0cJCFrAMUpljPRVgfp9b0bOIG9fMTNrkvqUsIXswtIYh35n85gCNF9XAudNisjESmNN%2BryielGV9zcCGt4aBxPh9QUvmWm%2FTB9LiQm6gxueeJCXzxPklKfbVJtZEwau4fTwOUqyF63FjwpQRls%3D&nvMid=56642218976&catId=50001519
Apple 정품 아이폰 16 자급제,"1,150,000원",배송비무료,https://cr.shopping.naver.com/adcr?x=87BgF6C30xnZ74fBlgjqEP%2F%2F%2Fw%3D%3DsLuFb0ZbcGOH2LkqP%2B3osha%2F0mNbf0XKCLgAWI6KrrmQAjU5j3gjlMYsRq8%2BGHFpSFfLwHTxElHAdobo055%2BYqTXJD0NsZoE8wg%2BLc2SvDZhHRaISaXjSXtxpkOUV9xcViUIblkks2eyOgX%2BoRrcWw9o3nY7XhpnrMTEPxBahsZVWdw2WpgtT4qzFy1Pl2l9a6InUdgRJ2eKXcsL2jyhcXKQfvg83DEGAmQ8NhqAZnU8d9dfElyzXk1IsciI97rJHgRKVZTuXeL79TLcm5zFBVaE8Kem0%2Bam0UPHOm9Xpu7sOljbnGs7yF9OoQvI9nxNW4bdLg2nJ5QgeCRsD9BisUHfwB3wwVGFUxJMR2yrGXr0%2FSl3%2FNu%2FbtyVEUM6QMMwucKdG1d8AriSZiudWKd4HnbYdCrHaJkh6suWVlyCR2qvffisv5tHfoGFh7RH%2BtSaOAFJNLWxG%2Fj2gEfGb7GroeFYqpcrr08AtXTOhSCQmUchcO6S4PZdXToRsjwt89fVmV36ogsAbT2GMBHUreotiQP%2BfGAYyVpvt2JXakUOpmHebcwpxhpAapWUQ4SRNDjyseINYn6xK6EuDDjneb82%2B2TDEvmeIwMU6cTVQuKWzfvqj3rsTluf%2FEe%2BXgR0fTTLKfKlW%2FiZ%2BqdlhmjIR4RPYxdd3Axm%2F6yNo6r9oiUqfo%2FYJVVfWYT3u588F102NmF5elZPdJJmXmRTro%2FenJXNXRgvqet95udyQkKqCpL%2FVSchicFMf5TkwICIE0CpKmDwxviXvUS9cqywM6O6yyWR%2BjxohtPjA9PZFWriSd2EhWtTNIXoZybopmR%2BoOjELBWY%2FoxOAkuxMuKmX1bKzjWglw4VsN%2FiAcjmtIwlTUFZwg6A%3D&nvMid=55291676020&catId=50001519
아이폰 17 프로 256GB [자급제],"최저1,790,000원",배송비무료,https://cr.shopping.naver.com/adcr?x=EF4u%2FV0nmZO4Xo3nSpmg9P%2F%2F%2Fw%3D%3DsGJgRG3IljF5bddaqXy1aS7NhvPi7JvAJtT6M3Fwbfr4AjU5j3gjlMYsRq8%2BGHFpSufXIlshQ0S45dFyRCRFy%2BTXJD0NsZoE8wg%2BLc2SvDZhHRaISaXjSXtxpkOUV9xcViUIblkks2eyOgX%2BoRrcWw9o3nY7XhpnrMTEPxBahsZVWdw2WpgtT4qzFy1Pl2l9a2h%2FqNbmMd3P9tE5jamCbKQuIB8ncdehaYvLTVmrbJlHSiXb6zz2L%2B5jNO4HxHYW2KE8%2FrcQcPlkXN90E4qVcd%2BE8YCiibN06F7pXXqOPTLBlFSvfY9mHTTrovFDG%2Bp%2FXRH8LVyOQVBdQNjxrlrBDgcOmY27ZGze0Q%2BtXRlM4OxtarJoVrbEtunAYIkKGowOqv0r6SXrTpEwX5CY%2BVI8It3V7rj7GrYGFPYndo03%2FAH0bV9SohnsJOp40F4RSK4iN%2FJCZtCAZHIwVKa19eQGY189xC4SeUfR7YkyR9N%2FlyMHPGbKfX3ZgUYyLdP8Xe2N1dsEgYPduj3ZjSVhcplQkngiHsNNp7Q1cshESxnJo1mgXYI65Bhxq4ERe3dnXCXU0RYgXT8U0rr2Dm%2BuxQGAQBtbpzYuDhc5s8On9PGjlJhew4v%2BEtgwqbmK%2B1W1dXZpTQ%2F5BTDuLO7E8eLG3O1110I%2BzSw%2BlNigXKl0Gq%2ByrobPrH9Lk08zRmoXO07ToB5%2F%2F7xW%2BA2ss8asrwshMUoslIIgN%2F1NgM4LgvOAJ6Euy6vnDg4cEzdpU9Q2zVWloYgSqplfibMyaz%2Bs3%2BAuft2LWL%2BR79U%2F6Az3gE9mQ%2Flgn57E%3D&nvMid=56666065238&catId=50001519
SK 기기변경 애플 아이폰17프로 512G / iphone17 Pro,"1,440,000원",배송비무료,https://cr.shopping.naver.com/adcr?x=vvCC7nlAfUMPUBg7r%2FaBQ%2F%2F%2F%2Fw%3D%3Dshuw7ve%2FGN2Z8nIVkRX4WWEfY0XC2cZ9G%2Bcz5Mgvs3o1yoYErd7Wx1dfdVO6hh7qV0iwmJZu4uNVqmlFKyRBzHMKdlAuo4CRofAy%2FiHp8jqv8RtWXQ%2B4yWv%2FzzZujOpojWepE%2BC3XPUi4bwe%2B6A28OZyc5HtxS5hSFJfUgnF%2F6MKz7xM%2FbRzMnUeox4iL%2BtiBnjp5egJ%2FdmpWO%2FbVCogrpCPZFCrVfvXQyv8Eoifgms6zF3EpH6NDxesoBig9Te3b04i26G%2Bw0IWxQBzGOuR3r%2F0tsp0lxXg%2FKuWW9yrR39xOW9%2BXXbaBKScwI3Wl%2BGGOy%2F6MHZ6u%2F5n6uuzlUc6JNEuUiTS4CHUtVxQrWeRhExgAKFLa1iaypOT0mC7dHHLgoxYkLSMH%2BCrvCJ0RMeWqseWnVVTnd%2BrGUpMFP67rAoIldBX4SRX%2FG82zaQjn2KCCqG%2Fu1DhmJrw1pYa%2FF3xEapgcXoVQUNclaMW5fcbWO5WeV%2FQxiLBh9XV1q7wp7Mtq3quYV6NOAVlW9dWsrDryHTc1nub7%2BuUokMoTrrmB1U81vUWK9kVaIHAIy1dz7UG3cdNbQrQbwkq64LKLdtSOXFoCVzibSDWI%2FqPRhI9f0PzgOaA4uHnfMtuOaARHNAOfDdddPwRCEIeD0BYZi4mEioZ7fOSlpPqDnetVbhA42LXJQeI8ofc5WMKxsyJlq4UJdH0g2z1mnGI56RXn%2BRsxcT%2BUwoziCl8I12korlrctOKsjmTTRswSIKXsnlvMExpGVoWd0jB03C5aYq3HUc1IKtSSLJQZncWk8e8Ttfjz6Fs%3D&nvMid=57170283301&catId=50000246
아이폰 17 256GB [자급제],"최저1,237,980원",배송비무료,https://cr.shopping.naver.com/adcr?x=dOT7A2Jp%2B7mHCPWwyvhYtP%2F%2F%2Fw%3D%3DsVD3LuO4ZLg3QoRCZiUr5YcKZY2ovcKAeShVHZzp9hUDxTAJR5s3V3RheLYZrm3hT60oLrTlefNT4CEJLFPXEpWg6HabDTRx466CGciRiUnFBZuMfzSBinsMMtj7lqMfUEfgrM5HQzlTMQ9S1ZukRB54Qz6BmkUWnhlyhzEn3pxv5pu%2F3%2FpQ545OibOGRoXWV334rL%2BbR36BhYe0R%2FrUmjkI1yUrC8vID%2FKz%2F8c89qMvRuRHHLmm%2Fl%2BzEuRHn3ypUY2ZxuAuvSW7ZwIsaDJftz694IFlqpi2PXO88uXmhtpEbvXdPY6%2Bs7K1BRmZuM%2F2sIYcO%2BwZChQd38bYTPmzUgD9rXyqENDUD8omnd%2BAEOivf3Vb8LXDlJWzaxi1N0VJ6xnnCa43uZjegM4%2BwpvTNRVC8IvS%2BNPsEPJ7D6mlNi%2F5xE2%2BaQKQZMQadDGOBAZIq3gWN6W2GagqosRobjYedgBGJfVGaCStGMucxBS5Jw3XDlLc067aV0j95VySDsDgc7ou62Hl0mxddHx6BWeRVhmisGWP6wkczdCrUEQC4dSIulMSXmodDptJZCDmbU%2FWS8S21Oey7jc5pxS8BquOSqJtmP60YFmisn8LVXZD4mRvPU6pntGCurhu%2FV8uonTYhwwCHgXAQ9y7pvleboU%2BqcE2l3TJi67OLvsEJWiys3bkb21NClOMU%2FFxET1gh873iAYTYOqTv%2FsOm0kcFv3bjpE4R84F%2F9JI5Mmk6IxO5EhOPIUqeGtVE7uPoZIi0tkC2A35CyMrpXQUt3%2FJvHupy5s1ITc7NlRPvorKrNyQBKaY%3D&nvMid=56666632837&catId=50001519
Apple 아이폰 17 프로 자급제 256GB - 실버 MG8G4KH/A,"1,790,000원",배송비무료,https://cr.shopping.naver.com/adcr?x=38JfN6Wqu0CVpzTCKyI3E%2F%2F%2F%2Fw%3D%3DsqX1aE3k1d7YknX8n0jVi2vYssghxmkR%2FC9eRdwePX6zxTAJR5s3V3RheLYZrm3hTfNpX1JQzJJIpZ6pHsss9%2BWg6HabDTRx466CGciRiUnFBZuMfzSBinsMMtj7lqMfUEfgrM5HQzlTMQ9S1ZukRB54Qz6BmkUWnhlyhzEn3pxv5pu%2F3%2FpQ545OibOGRoXWVBDw0zYT%2FnWd2yKLaUr1Y4NLMQMt8f0Ay6B1Y837Q2U6bnneF058QyrhLoGCxfvaeUgIDtJAN1epsfptbnpBnf9qQLL1IRFqsZtkQQKNqF%2F%2Fm4Jf9cLVbdNjv7CN8scrtB4rM5DgU3JK8hqiSKDYCfexzozMwdCIc7T9i36di%2FqhhcbwwL0wCrBOn%2Fh%2Fvi4WfFozX3aipM733nmXhbZGVSgSsuJVqkvCUm54YYnYiEnOKx7G3krbJiQXzryuwwOqJ4Nxgn20Uyv%2FYuX2kL3QJmSQdpUHaGiQ7GEthdZM6ojFXfqiCwBtPYYwEdSt6i2JA%2F58YBjJWm%2B3YldqRQ6mYd5tzCnGGkBqlZRDhJE0OPKx4g1ifrEroS4MOOd5vzb7ZMMS%2BZ4jAxTpxNVC4pbN%2B%2BqPeuxOW5%2F8R75eBHR9NMsqMG%2BIsAZyxio%2BhwJGf8gDY13cDGb%2FrI2jqv2iJSp%2Bj9lYlfUjxXq6HYHRbqSzIR3sxP26t9o%2BFmx4GWx6z9Akg6%2F3SZMl%2FSm0O3WlkUfhrJXxVQZKhQCRLlQIr81Ij6XqxhzO0uTdq8LVMy8MFa0jTq9S%2FM8VvYi54xXPYUVQAXMKR3YKlD9qGAl6gX9HvZO6VLcp7iZLlea11dFEz3E7XWAQX%2FTfq%2FEd%2FCX0ER%2FyXCFdznR4EhPC6BI08fc6TT2xWkbDrUFJ2hBG8QaB8WVzn&nvMid=59278488268&catId=50001519
Apple 아이폰17프로맥스 512GB Apple 미개봉 새상품,"1,160,000원",배송비무료,https://cr.shopping.naver.com/adcr?x=f0gRB6L6cXKejQyVSNUkTf%2F%2F%2Fw%3D%3Dswe5zePVFoM9yYK%2BJ8wrQ77S8eic9ODrjp6F1YDPUs9VyoYErd7Wx1dfdVO6hh7qV%2FU2B1hsXyQWv5OZLwtn9xcKdlAuo4CRofAy%2FiHp8jqv8RtWXQ%2B4yWv%2FzzZujOpojWepE%2BC3XPUi4bwe%2B6A28OZyc5HtxS5hSFJfUgnF%2F6MKz7xM%2FbRzMnUeox4iL%2BtiByaxxRm4H8HcYDi0B3B3iQmfQT7uWwvxdz8nMvhXCKF2EaqFhIsapuPwUapBxsGLM0CJDJlVzUv6Hh7a9pJH55RKy3LoYl2rVajvOxbF9h7C54J8UO7LDGXdPU9Do8oyMXmq0wb8nQ9S1CNyVqQgAyJicMlHCc3mggZKfZj1vwaC5Wh7CYBk4EBfN%2FeMeApqlK98KaIZa4VBE0V5wqYGSTlL5lit6B2eXe%2BNXAwrOVCqQoF9qinDJPXbCsr3rbDZdVDcn730RNf8y0MSNUKFNzqhc%2Be64dvjtVLOvhQQ6Y9pmjFU81aDND7%2FJQAaUf4bjj6C1NeLYdceqwaAeSjwZJCFcc45kyknzRfkxFP2%2FNta3gQs%2FKuWI5B2UByh4gBib45vxUp2ew%2B9GxrgxTQRHrFmtLq7ZOhs9YwDz5qtKg7kdoQdD7z4VTZnGHOZl9gKWcSAfabTb1d54%2B0E8aUqdUg44ciaNscacOF5D4u1epZkNPeSzeY80QFuMytGtHBQpWDKaL7YnSaPnJFNVbWx1GgFPypAmy9uBE43A0JpFpxDjQ8T%2FmBAW2E9tbp%2Fo2mPvHRyPBWbUFRhWScTsgQynPg%3D%3D&nvMid=90912314913&catId=50001519
해외아이폰5C 풀박스 공기계 무음 카메라 8GB 5C,"79,000원",배송비무료,https://cr.shopping.naver.com/adcr?x=pOjur3qiud8qAkmcI5HV8f%2F%2F%2Fw%3D%3DsnIXFJZfzIAZ9YHirXfxXTp%2Fw8LX4VDbxoBkd8CCBoOhyoYErd7Wx1dfdVO6hh7qVHDBD2gqZke90JJOOOoq1fMKdlAuo4CRofAy%2FiHp8jqv8RtWXQ%2B4yWv%2FzzZujOpojWepE%2BC3XPUi4bwe%2B6A28OZyc5HtxS5hSFJfUgnF%2F6MKz7xM%2FbRzMnUeox4iL%2BtiByaxxRm4H8HcYDi0B3B3iQmfQT7uWwvxdz8nMvhXCKF1FBMPMWMXyUpL83uIawUnT0CJDJlVzUv6Hh7a9pJH55RKy3LoYl2rVajvOxbF9h7C54J8UO7LDGXdPU9Do8oyMXmq0wb8nQ9S1CNyVqQgAyJItnvXsEKTysV3goPeKJ5lCHlXD%2Fjuu%2BSZXmrRR%2Fxq0AeuQKgRq6z4fGpaOnMSDdlL5lit6B2eXe%2BNXAwrOVCqQoF9qinDJPXbCsr3rbDZdVDcn730RNf8y0MSNUKFNzqhc%2Be64dvjtVLOvhQQ6Y9oCfZlB4OfNKDWB6t7W6bqgmlpz6Po%2BogbgKSnJIYjqVW%2FDc8zDeZXelU1CB%2BrcnJGbiLtJu1j6%2B4DpPKOGTJd5jnXeB5H%2BZmYboZ5hPTZ%2B5NlRHesfG0aH4EoZXu3ASQuBOLEbX1EKCj8wAmeXMM%2FApwoBvdTUZbP4ACbNs5hm9dOf4i9zFrBXE2548%2F2S162AhJ9bubrJkObqO0I71gNirWgL0Q3ECaShEDSaEvWPu5bJuen0cc7ak9wEUxHXVXDHICEQpPL7Rm%2B2fyhjEhHR&nvMid=90749142379&catId=50000249
아이폰 17 256GB Apple 미개봉 새상품,"490,000원",배송비무료,https://cr.shopping.naver.com/adcr?x=aUbsjkoGI2I598HCxdDpZv%2F%2F%2Fw%3D%3DsuFY5%2F2P0TXOti4EzqhwVa%2BIzGzdpxT50mWdZ9wXFTRhyoYErd7Wx1dfdVO6hh7qVTqP5bZRITTmR2ZDE3WHBZ8KdlAuo4CRofAy%2FiHp8jqv8RtWXQ%2B4yWv%2FzzZujOpojWepE%2BC3XPUi4bwe%2B6A28OZyc5HtxS5hSFJfUgnF%2F6MKz7xM%2FbRzMnUeox4iL%2BtiByaxxRm4H8HcYDi0B3B3iQmfQT7uWwvxdz8nMvhXCKF2a75aeWWyWnLSJMoL6bi3H0CJDJlVzUv6Hh7a9pJH55RKy3LoYl2rVajvOxbF9h7C54J8UO7LDGXdPU9Do8oyMXmq0wb8nQ9S1CNyVqQgAyGeKy8LSsRbWNVy%2FJzIdRlRv37qqrGz6%2Flcmfh8tq7KZK98KaIZa4VBE0V5wqYGSTlL5lit6B2eXe%2BNXAwrOVCqQoF9qinDJPXbCsr3rbDZdVDcn730RNf8y0MSNUKFNzqhc%2Be64dvjtVLOvhQQ6Y9r2ZsijyyCnwd5npvQ9ILkOJC7hd%2BeZHvMiLAHM%2FF%2FQm%2B0fDzkeyJ6VkbPpjAtUYZ6x0viYmvV1xRzX0nx52%2FX5InDFqRMdWMSArn7j%2FXtWX3R26cmXygepuWpxN7vMw03EzMhF713CG2g1F9RYQOVE16wB%2FDkOf%2BjfoI7n1FeNIOAEK82r1Q3z2R35QIJi%2FkaBu%2B9FBFSxAqIhAqO19j7HiZlBWL7PA07BcOZZz5yUX2O0QScdmj79W4Ike%2ByYeOsNUJgJp6CUXauCvW7Y5AjN&nvMid=90305072272&catId=50001519
Apple 아이폰 16프로 512GB Apple 미개봉 새상품,"890,000원",배송비무료,https://cr.shopping.naver.com/adcr?x=EaYvjf2ipc5IcJSv2BliY%2F%2F%2F%2Fw%3D%3Dss9%2FQzUeh9U21u4%2BicxCa%2FE34s3jvq2IchDmgGlpm%2FzcAjU5j3gjlMYsRq8%2BGHFpSDfkeruoqYu5qnsS8w8mG6zXJD0NsZoE8wg%2BLc2SvDZhHRaISaXjSXtxpkOUV9xcViUIblkks2eyOgX%2BoRrcWw9o3nY7XhpnrMTEPxBahsZVWdw2WpgtT4qzFy1Pl2l9ahNAWEw0JCsb7LJXBJqKWV9015zgK%2BP5r4ZCysDfiDpU12sjcX1Ju90qijAfB89BK3JiFcdT%2FZ7heL1TNBbw21ADSTqYGbTeoaBA3waq3vZ5VXemfpmeX70wC2wQT5nyi5pxiwDZPU40LYzhHX%2FcRvyRr%2BUzap35TVhxEUQCfZSe2KyTLFIGRoP3T3RL0XIZZ2HvQrG1q57G6KIPveES%2FyEQoITpGv0Gncp5dRHQw%2FfGob%2B7UOGYmvDWlhr8XfERqmBxehVBQ1yVoxbl9xtY7lZ5X9DGIsGH1dXWrvCnsy2rwqTwn0X6%2FVia%2BF8XjwJV%2BghTZ724%2FI40LoH9TuGzg4kEFtguAX%2BVoC48RQDUQjstYcKEZHVPnF5pqb0UIR1DHof6Pi%2FOnbkjaSQWP%2F0WQPsv39uz%2BSkyD4t8fUjj4Pods4kSnIUT%2B3twRsCCJRLf5ely48%2B%2FvVtBCXbm%2B9du8lhR1YtA1zFrw3hYtTaYxIuyWcrZw%2B%2BpSxrRmDG996hZo%2FpnNYOaTwFR%2FebI%2BYe2xEiX6%2FfTmhLEz8cIbtgonu4ZvU2Y6hEEwGxc1AZfON9sL4VRAH%2BsMDObarUodGweR8Q%3D%3D&nvMid=90886769996&catId=50001519
Apple 아이폰 15프로맥스 256GB Apple 미개봉 새상품,"690,000원",배송비무료,https://cr.shopping.naver.com/adcr?x=QanP1TlzmPh4hLkllsiXw%2F%2F%2F%2Fw%3D%3DsJu4XvGvPT0um%2BQ%2B7WgFZaDDG8l%2F4%2Fq1tq2YyWS7iGdrxTAJR5s3V3RheLYZrm3hThQx%2FBxLlQwjGZtYPh1x%2FpWg6HabDTRx466CGciRiUnFBZuMfzSBinsMMtj7lqMfUEfgrM5HQzlTMQ9S1ZukRB54Qz6BmkUWnhlyhzEn3pxv5pu%2F3%2FpQ545OibOGRoXWVRL6iu0rN9ANYEXkZX8p%2BoSEm%2FeWMmjv1VUimPr%2BbdY5MkY3PSX3LrVpvF0aR8d8bri3UMVU2rBl19rigmU%2F%2FbAlIoSvKTA%2Ffvxn7nqCVPzyk6v2w9jBqMGR4TTsgYaQnlII%2ByYYqWVu3SSXxcjEJdH%2B3H%2FEYI%2F2ygyLBGXCtDB%2F3Mn23ws1UI47kbcr3GbjygzRGQMqXBWNWeUALR9IuSueAud9zdB%2BvEjLOocdHSNuP%2F%2B5wkSiYCbRZC7afSTojHl4jjft6pRFC0vrx0tvPu9MQ%2BsagY9Ykr3TvG0OpF4gV%2FNF8WAlIAkoI38fKMjjMt4mDhQ8cJwHrFFNLYE5W7MZzisxHuyEDbPbWMmh%2BVYPzS42rtcYYotJ7v7rVrzGw%2F4%2FIrlX%2F1ywxNzjp2P2xq8v39uz%2BSkyD4t8fUjj4Pods4kSnIUT%2B3twRsCCJRLf5IWLxjCCUxchpLaqS%2B%2FYVuhR1YtA1zFrw3hYtTaYxIuyWcrZw%2B%2BpSxrRmDG996hZoWsMOhhKjnGP2s%2BvL3RhDVS%2Fob%2FgnFk0NkFdpGXuJWBFvU2Y6hEEwGxc1AZfON9sL4VRAH%2BsMDObarUodGweR8Q%3D%3D&nvMid=90887142112&catId=50001519
Apple 아이폰17프로맥스 256GB Apple 미개봉 새상품,"1,000,000원",배송비무료,https://cr.shopping.naver.com/adcr?x=YYkcnmlsiVQaBklgqnInKv%2F%2F%2Fw%3D%3DsROODie2rJCb%2FVHk3GrOCQ0fpJ6rZLgwU%2BbYU%2B4J%2BaixyoYErd7Wx1dfdVO6hh7qVHBZzF1YFjgW%2BLhrYmNMEE8KdlAuo4CRofAy%2FiHp8jqv8RtWXQ%2B4yWv%2FzzZujOpojWepE%2BC3XPUi4bwe%2B6A28OZyc5HtxS5hSFJfUgnF%2F6MKz7xM%2FbRzMnUeox4iL%2BtiByaxxRm4H8HcYDi0B3B3iQmfQT7uWwvxdz8nMvhXCKF2f93PX4P1mJrmhaaembAEK0CJDJlVzUv6Hh7a9pJH55RKy3LoYl2rVajvOxbF9h7C54J8UO7LDGXdPU9Do8oyMXmq0wb8nQ9S1CNyVqQgAyJyRhsX7ey8f7ic1qyZrcAu5Wh7CYBk4EBfN%2FeMeApqlK98KaIZa4VBE0V5wqYGSTlL5lit6B2eXe%2BNXAwrOVCqQoF9qinDJPXbCsr3rbDZdVDcn730RNf8y0MSNUKFNzqhc%2Be64dvjtVLOvhQQ6Y9pmjFU81aDND7%2FJQAaUf4bjOo0DvrMIJzkjPS4M2BEUZyFcc45kyknzRfkxFP2%2FNta3gQs%2FKuWI5B2UByh4gBib%2BChtMjxwcIu9zwhFadDfMFmtLq7ZOhs9YwDz5qtKg7kdoQdD7z4VTZnGHOZl9gKWLTdjc4Vj69wnHEOHfKM0yQIrpLiKm6NOGMAonlSKwbANPeSzeY80QFuMytGtHBQpk1UUI2Dw7VwgnHif8g2EWNfObbm101bdsXsRiXI8R%2FXjQ8T%2FmBAW2E9tbp%2Fo2mPvHRyPBWbUFRhWScTsgQynPg%3D%3D&nvMid=90912309226&catId=50001519
아이폰17 에어 256GB 미개봉 새상품,"745,930원",배송비무료,https://cr.shopping.naver.com/adcr?x=dTVaHeFlrAfuwtjXNV8tvf%2F%2F%2Fw%3D%3DsTRZDu1s%2Bia%2BQQH930jo9Tyqg2lhtdPd6gRIC8GXt5C7xTAJR5s3V3RheLYZrm3hTqOzGk9gmE%2Ff%2FGTAF6ylN1Gg6HabDTRx466CGciRiUnFBZuMfzSBinsMMtj7lqMfUEfgrM5HQzlTMQ9S1ZukRB54Qz6BmkUWnhlyhzEn3pxvqamEf3T6F%2FpoACRuj%2F4U8zdW2XDHPcK4BQg5UXIk9mceV07a0nG2I9Siwlb%2BTsc%2BwluQH1%2FWHH%2BSkAeF2hifOb6%2BPRwSkNKUEPl%2F2QXwvqBK9QgHfTU%2BVyALB3hwFVp5RgfgIxv%2FR3EgOfuIoRvWLWROQznUqG5Gr01zhXEbW6ODnQF4cfSMisNtEUCEU0XJ%2FtIGqF9astvo%2BgD9gosiLG713T2OvrOytQUZmbjP9rCGHDvsGQoUHd%2FG2Ez5s1IA%2Fa18qhDQ1A%2FKJp3fgBDor391W%2FC1w5SVs2sYtTdFSeg5pZTMMxFhhJpU2pNSBVV279pkO6dSeK9qS35%2BoZQ4craxTidwazy6SforqHVGROH6LPO9Kq8mJDFHtcxS3PPollQ34hpmLji0J7bfnwyFOWAVtxD%2F%2Bkaq4R3cvqEeX0pptW4K22htEUbVyQpOVWejg6ErvNHAwMO5K8lK3yFM5FCJLeTNMiIpdd72TMnUFRwQTp5IDVDpALUCNfjE4jTJI3ZTpLGVKsOJcWgBbI9NCiKbyoHxfuzt%2FP%2Fi5DPytCURYlG0kUMCfb1TNq19EtX5RuMF%2F%2F5KghP9grJMzkkHuNiFgIp6Q8IO9tMwX%2FAlCl89wKk2pgYm7obI%2FIlKG10a7%2F3HLxiY%2FohIZtRQKGiRFWCfZBwUWEihiVI7Mz3KeTh0cjwVm1BUYVknE7IEMpz4%3D&nvMid=58572682535&catId=50001519
애플 아이폰 16e 256GB 미개봉 새상품,"583,000원",배송비무료,https://cr.shopping.naver.com/adcr?x=8HM%2BgXKIhl5pzBUiqpXHXf%2F%2F%2Fw%3D%3DsaSquA%2FEt6hIijZXj%2FD%2FInB15F9nZRJ91B0Dh3JkCSkxyoYErd7Wx1dfdVO6hh7qV3zLcedLhF2fqEV%2BklFAhQcKdlAuo4CRofAy%2FiHp8jqv8RtWXQ%2B4yWv%2FzzZujOpojWepE%2BC3XPUi4bwe%2B6A28OZyc5HtxS5hSFJfUgnF%2F6MKz7xM%2FbRzMnUeox4iL%2BtiByaxxRm4H8HcYDi0B3B3iQmfQT7uWwvxdz8nMvhXCKF2DHj52S3kCvW%2By1njo%2FAQq0CJDJlVzUv6Hh7a9pJH55RKy3LoYl2rVajvOxbF9h7C54J8UO7LDGXdPU9Do8oyMXmq0wb8nQ9S1CNyVqQgAyKjj6PHymRl%2BiZ5LvT3YVoAhDWChOBwya24kvIFJ4VR5K98KaIZa4VBE0V5wqYGSTlL5lit6B2eXe%2BNXAwrOVCqQoF9qinDJPXbCsr3rbDZdVDcn730RNf8y0MSNUKFNzqhc%2Be64dvjtVLOvhQQ6Y9oBv145bQzaRK4LtA%2BewBU%2BAAcgu6ac%2BblicUfGLD0vZwdzROVXKj70AsCVBVNDMr%2FrIPh7IdGYvUzoFJvU2wZbnV%2F3tTaN3o4%2B0RfveE00nObd7IPwVdH9ThzIlmabD%2FdsyoU4oHGbcvXX0x7ghw6MVqRHqZXPMBSBOrFluJ%2BlaT6HOqwBJXvmJ13eRXKRWoZXPecqafJVj9JjO2EqxQ6wTib0VG6AAY20Y5CID9DjKc3bQcHl3eXDHWWhf4mdOIUGruH08DlKshetxY8KUEZb&nvMid=89835399469&catId=50001519
Apple 아이폰 16프로 256GB Apple 미개봉 새상품,"690,000원",배송비무료,https://cr.shopping.naver.com/adcr?x=zsLjT1FiY%2BuibnFAtPfYHf%2F%2F%2Fw%3D%3DsXwcbyXPxaSTFCFTiKM3HCZR5OiFOzzZf%2FIRGrg%2FN%2BNQAjU5j3gjlMYsRq8%2BGHFpSZEKE3kxe9o6D6gS8x2ZqSjXJD0NsZoE8wg%2BLc2SvDZhHRaISaXjSXtxpkOUV9xcViUIblkks2eyOgX%2BoRrcWw9o3nY7XhpnrMTEPxBahsZVWdw2WpgtT4qzFy1Pl2l9ahNAWEw0JCsb7LJXBJqKWV9015zgK%2BP5r4ZCysDfiDpXRn0ypk6MsSRTI3s%2FTa3Askg1I9hSXwGUDC73SU%2FUkFwDSTqYGbTeoaBA3waq3vZ5VXemfpmeX70wC2wQT5nyi5pxiwDZPU40LYzhHX%2FcRv3CiNVoVe0hhbff2cuDNT3u2KyTLFIGRoP3T3RL0XIZZ2HvQrG1q57G6KIPveES%2FyEQoITpGv0Gncp5dRHQw%2FfGob%2B7UOGYmvDWlhr8XfERqmBxehVBQ1yVoxbl9xtY7lZ5X9DGIsGH1dXWrvCnsy2rwqTwn0X6%2FVia%2BF8XjwJV%2B6TGaX0K5T25xvupln2kdMEEFtguAX%2BVoC48RQDUQjstYcKEZHVPnF5pqb0UIR1DHzFpRTAy1VVLOUYKiAbezncv39uz%2BSkyD4t8fUjj4Pods4kSnIUT%2B3twRsCCJRLf5%2B0cTQT8i6ws5hKz0k3dvzBR1YtA1zFrw3hYtTaYxIuyWcrZw%2B%2BpSxrRmDG996hZoNqgEvbb1ZzwOfcj6sJwR07acMccUQIycQy1orAggOipvU2Y6hEEwGxc1AZfON9sL4VRAH%2BsMDObarUodGweR8Q%3D%3D&nvMid=90886762658&catId=50001519
아이폰 17프로 512GB Apple 미개봉 새상품,"1,108,380원",배송비무료,https://cr.shopping.naver.com/adcr?x=8PAa2u4KcvAeGXqm2cpvcP%2F%2F%2Fw%3D%3DsKU7nQ1udODCBMncxLYM9Vx59PbFWM3RvPa5gXBMr70lyoYErd7Wx1dfdVO6hh7qVlFJvlDL1M6tXVZ7OFgZrmsKdlAuo4CRofAy%2FiHp8jqv8RtWXQ%2B4yWv%2FzzZujOpojWepE%2BC3XPUi4bwe%2B6A28OZyc5HtxS5hSFJfUgnF%2F6MKz7xM%2FbRzMnUeox4iL%2BtiBFxq2b0Ha94BJbSQZrwlFpUre%2FP2d8vXo0%2Bm0aE8BwvVvPRvp83%2B7AUiIoxCDhyW2%2Br%2B6jjNyojp4o2AKISHVh9PEqB6HynbIwx9W3LZozY%2FbphGtSALXK%2BNoJmI7VOqcDvJbtkuP2rz6XLVgxyOImMI3jBK6rjMltjiuA8jXg%2FC1aiDVTLISVJDW7lNDTxTmTlvfl122gSknMCN1pfhhjsv%2BjB2erv%2BZ%2Brrs5VHOiTRLlIk0uAh1LVcUK1nkYRMYpe0uQ5MdfBoPNKPrJdEsu0RGRjYapwtTDpAWK4wvajbYe9CsbWrnsboog%2B94RL%2FIRCghOka%2FQadynl1EdDD98ahv7tQ4Zia8NaWGvxd8RGqYHF6FUFDXJWjFuX3G1juVnlf0MYiwYfV1dau8KezLauUSg3v5QDc%2FyLToB%2BeIN19XHmMNVwCEQNmaInYRbIxbkcJhBU0uTW5xNjhnsS1ThTaffPPybeYHU1AW%2Bte6CMqzfvJDzKn3yTph%2BZ93Urz0iKbyoHxfuzt%2FP%2Fi5DPytCfhstfIMsHTVt21v0BBO3VzCjGMuHOwrODeQ6jXed9LoNiFgIp6Q8IO9tMwX%2FAlCl%2B%2BSr%2FTISiskIEOPy%2BBSuw826fT7otm4NIrb7sqdUYcwD2ky0DgtRJGE1Mhy68gUDx0cjwVm1BUYVknE7IEMpz4%3D&nvMid=58489812226&catId=50001519
[대여] 아이폰17 프로 대여 1일 단기 렌탈,"19,800원","배송비3,000원",https://cr.shopping.naver.com/adcr?x=mtC4dXmlNVXglvQJKURQJv%2F%2F%2Fw%3D%3Dst2IkwiNDAyATl1XWaqGGksO6Cw9pyAcz0bGtVdtqKWdyoYErd7Wx1dfdVO6hh7qVuLGh37ZguwsXpm%2BH5%2F5e%2F8KdlAuo4CRofAy%2FiHp8jqv8RtWXQ%2B4yWv%2FzzZujOpojWepE%2BC3XPUi4bwe%2B6A28OZyc5HtxS5hSFJfUgnF%2F6MKz7xM%2FbRzMnUeox4iL%2BtiByaxxRm4H8HcYDi0B3B3iQmfQT7uWwvxdz8nMvhXCKF1F%2FWF1Ef1jJJJ%2FDORBUlya0CJDJlVzUv6Hh7a9pJH55RKy3LoYl2rVajvOxbF9h7C54J8UO7LDGXdPU9Do8oyMXmq0wb8nQ9S1CNyVqQgAyK62Xc95QI4OFr7hKD4WCfUpNHTYDe%2B4FC8NOGDAE79GAeuQKgRq6z4fGpaOnMSDdlL5lit6B2eXe%2BNXAwrOVCqQoF9qinDJPXbCsr3rbDZdVDcn730RNf8y0MSNUKFNzqhc%2Be64dvjtVLOvhQQ6Y9pgYR84O5JGYE8qiFPW1N2yquqQlzB5M73HS5s3m8ZyrlB5dRjo0cSMbnBIRXLMvEPrrl72OgsQdP177xGWaZkLtaK6xD8%2FgkKTy2nwT4Y5XDOX1J3IXUrRFBMTUUULnFtvhjRd2OIFexBQhZJEIyksP%2F9Y6k6loB0iJsjDYZYxZWtY0vFGtYcImi51jMcKK8ZKu%2Fq%2BzzyyF3OgxIE37R76PNPp1KD734fijhHAdI12W79bfkM30rCCOCCeTFVx44JoaKZHilHbuauHUigNM5KA&nvMid=89970471330&catId=50000249
Apple 아이폰17 프로맥스 자급제 모아보기 색상/용량 선택,"1,990,000원",배송비무료,https://cr.shopping.naver.com/adcr?x=HA3QiXJvwrqVIbFJUKRSo%2F%2F%2F%2Fw%3D%3DsuqoeGe3138oYL%2Bh9Vm4%2FM%2BXpeh3Cf1qFIkFLa2Xf6Y4AjU5j3gjlMYsRq8%2BGHFpS74os4F8tafLfX2paUV6j6DXJD0NsZoE8wg%2BLc2SvDZhHRaISaXjSXtxpkOUV9xcViUIblkks2eyOgX%2BoRrcWw9o3nY7XhpnrMTEPxBahsZVWdw2WpgtT4qzFy1Pl2l9ah83Hd%2FMBIIhr38vFu%2BvG0owZskL6yDBLDhBo2NNhhqQnHI9LI0O0kpbw8XHProF7FErXq9acxqpHr6xyqUT4aRbjJAQtVtMhXuf3vBkiefWWJtbYdpuqrFbHuKPmsLusD1Qmf2ge%2BrufpCO7m6iFQ18lUY49HlBtNyvk%2BHq4sD795%2BEI%2BS5I10Yf78IcNAiRTIXdmlF05XTttLRfIpoh5NKWeeKdrv26wW2%2BcXTkFE9r6kdrp7BvT8OlwZ7P37YyZp%2FuhVWf5tMOyu5R2EADu6EONjKKX1XT0AqVGw1uqIz4IWkgdTqj%2FpnrIdbmZsiHcRNvmkCkGTEGnQxjgQGSKt4FjelthmoKqLEaG42HnYARiX1RmgkrRjLnMQUuScN1w5S3NOu2ldI%2FeVckg7A4HO6Luth5dJsXXR8egVnkVYb2FZtprpO86fbJujsp%2FzBgzfNVo1KcSVSazeZg7M%2BAaRMUdV9W3qKuaDhpOhH8NbFudC5fRFXANIypmUkbQe%2FCAOdnN5UaQjxdQUwRhyv1KOibQvORXy3kCbS4v9reb1WhVVugDoa8TkIoiBZ2S1OIbRVkz1Nq5oOW4jWhDsWOAnUCNDfuwEW4rd%2FJMP7AvAsphM4Xkqwer6KAYBzWkB5nE6xlxRKxvQ7OEQ07Ymy1auo4JD2UeWy1UFtTI1PHBqRpOetgRkh5v98RvjLv8GYvBq7h9PA5SrIXrcWPClBGWw%3D%3D&nvMid=58238239534&catId=50001519
Apple 정품 아이폰 15 자급제,"960,000원",배송비무료,https://cr.shopping.naver.com/adcr?x=OdkBKV23ZEqLGYG6deBiSv%2F%2F%2Fw%3D%3DsdAoZcjcn4jBLltjHTEWok7O5Q3Z73UQ%2F6U0gilPkCwZyoYErd7Wx1dfdVO6hh7qVN0Z69lwElCSrqkXKntH9Y8KdlAuo4CRofAy%2FiHp8jqv8RtWXQ%2B4yWv%2FzzZujOpojWepE%2BC3XPUi4bwe%2B6A28OZyc5HtxS5hSFJfUgnF%2F6MKz7xM%2FbRzMnUeox4iL%2BtiB49gWwo4YAEWGPlnOMWQUB4qPKnSzTV71gbnTAjWaxQ%2BnKrLrl5wIXxDQonmvwmQ%2FfjXuvr2Cw18jrW1jOqVsj0LRT%2FpqKa7hfxa4vku7TodA6uYvM3L5eJFMQX93yf8DBwSu8NyUQtJl7ucH5HotwPMpIH45KUfDW1s%2F53v59Z7Yk2TEsld86f%2FYt3AADW1xJhS5dmARgxIF9Xqb7UhI5k5b35ddtoEpJzAjdaX4YY7L%2Fowdnq7%2Fmfq67OVRzok0S5SJNLgIdS1XFCtZ5GETGLFO9EOH2ERyRaFxQ05bKaayz3ExRYuPVIG6YDxGLVSdDG4evy%2BM13j64UYOnhTyGUWrQYdwQNgfl5kLUrYkI%2Fl8igSuVEYwQPUKBRz%2F2EN2%2BQaZNgYJHHKeII8hfQtwaU87cyhA9arDk8UyxtT4F3sNS1uzNa2ebbG3dqKyEcCG2eEYsZZscLV255ERmYmQ3W8xR1FRMoUhrxI8qCrZ40obRaP6y3G7ZwSlR7EuB%2BYvW4752Lh67ojx%2FH%2BAVLjrlgagpmAeiQ9aPx8Zq%2Fuu3xSJJpc8bOVexH7V8kWpA5RkNiFgIp6Q8IO9tMwX%2FAlClws5cc3BuwdQCJvU8f8dl0JF2%2Bl4vxGaalO3D46rFxuJWCfZBwUWEihiVI7Mz3KeTh0cjwVm1BUYVknE7IEMpz4%3D&nvMid=55292968180&catId=50001519
Apple 아이폰 16e 자급제,"769,900원",배송비무료,https://cr.shopping.naver.com/adcr?x=hgLmO%2BdIm0NQ2qBdrpkfEP%2F%2F%2Fw%3D%3DscUv%2BHHjWKfP8i5Q2LkLvrXHVCjT%2BAAOapQJWoWucsC9yoYErd7Wx1dfdVO6hh7qVnjxxDwQdrT7gyJrVTx5S9cKdlAuo4CRofAy%2FiHp8jqv8RtWXQ%2B4yWv%2FzzZujOpojWepE%2BC3XPUi4bwe%2B6A28OZyc5HtxS5hSFJfUgnF%2F6MKz7xM%2FbRzMnUeox4iL%2BtiB49gWwo4YAEWGPlnOMWQUB4qPKnSzTV71gbnTAjWaxQ%2F8dKghfCYC%2FdsKLtfdOGxuLSOJ8RszYRV8SMF7WoEwd%2BtJnfZWGr9xagcbhNEukh3X8NkbAxocKezWN6GzceWgHJ5bhmckVmk2pE1j9uy4yCP1YPZLhS8n3SiJ0ae67GklpdZGM3xCJGgPxjTV9om8JhS5dmARgxIF9Xqb7UhI5k5b35ddtoEpJzAjdaX4YY7L%2Fowdnq7%2Fmfq67OVRzok0S5SJNLgIdS1XFCtZ5GETGMXTi9W88cArOWTIo08z%2FpFeKTQ5y6GmuejsdVbe2q9JDG4evy%2BM13j64UYOnhTyGUWrQYdwQNgfl5kLUrYkI%2Fl8igSuVEYwQPUKBRz%2F2EN2%2BQaZNgYJHHKeII8hfQtwaU87cyhA9arDk8UyxtT4F3s1%2FnY%2BZuYUeNa4XtP8VL3YZfDBreiWSa4ureBayhfnKMzWXB9DLtKtEf8SyGaf8R1chD%2FnPbHgj4inxMKBwng0qoPrmFTFB61l860TKYMK9LTRs2VEzarNVf99gC2jbyE66y6C55eMDRdHFBjmet8BwpHdgqUP2oYCXqBf0e9k7sWiCUC6Td0QSAXj5vxqYhOTaz3eV8WrUzSxHoUfoDeBVoWd0jB03C5aYq3HUc1IKtSSLJQZncWk8e8Ttfjz6Fs%3D&nvMid=59055219299&catId=50001519
해외애플 아이폰17 홍콩판 물리심+e심 무음 자급제 공기계 홍콩폰 256GB,"1,394,500원",배송비무료,https://cr.shopping.naver.com/adcr?x=HRRlj9Ji8TRtHRZi146Umv%2F%2F%2Fw%3D%3DsBspcFIT%2FwWdC82kcR%2BES4WlWVJap4GKbifD77XQM5Z%2FxTAJR5s3V3RheLYZrm3hTz3KLJECt8Jxn4O6qQy%2BD%2BWg6HabDTRx466CGciRiUnFBZuMfzSBinsMMtj7lqMfUEfgrM5HQzlTMQ9S1ZukRB54Qz6BmkUWnhlyhzEn3pxv5pu%2F3%2FpQ545OibOGRoXWVRL6iu0rN9ANYEXkZX8p%2BoSEm%2FeWMmjv1VUimPr%2BbdY5uNr9y4ZJv90EqlG67V46%2Bri3UMVU2rBl19rigmU%2F%2FbAlIoSvKTA%2Ffvxn7nqCVPzyk6v2w9jBqMGR4TTsgYaQnlII%2ByYYqWVu3SSXxcjEJdKo37yfHA607ZppT6xqnQrBBopgI5MN2N15t%2BuSeqM5JcRNvmkCkGTEGnQxjgQGSKt4FjelthmoKqLEaG42HnYARiX1RmgkrRjLnMQUuScN1w5S3NOu2ldI%2FeVckg7A4HO6Luth5dJsXXR8egVnkVYamuKLuGLuSekErD%2FPt302YzfNVo1KcSVSazeZg7M%2BAaXy6g8F%2BGfDgU%2FNa1Hahj4PXMQdmTVrhLKzx9JhR3VOUmB1%2FH6OdX92dgUHJqNr5huGiTE3E3enPfO%2BmV9c1jvZZBECVq%2BuPh8T%2BW4H5mxKBjQgCyXzexxfGmmjRxd7Cx1xXFqMr1YfHgkJir7xSfg6vk%2BlbILuz1COEuoLHDa82sQocLEGGa0wsleHc2pFkre9y3fay%2FzFNgad95BdoWnbBR8GiiuR8ENgr2lL%2BMu%2BPFjeyT99i1YYMfnX4SfFhX8tVYavx%2B%2B8fWZa9SBc8rqM%3D&nvMid=89926063437&catId=50001519
애플 아이폰 16 프로 맥스 256GB 새제품 미개봉,"1,280,000원",배송비무료,https://cr.shopping.naver.com/adcr?x=0v6YLHthIUKpvwIyrY6LYP%2F%2F%2Fw%3D%3Ds%2FpGzxb0LKeMVZJexECuyPLZ3U0iwli%2BOM%2B1hhuP1HjlyoYErd7Wx1dfdVO6hh7qV8odpKMtCFVr9dKYlWB4IyMKdlAuo4CRofAy%2FiHp8jqv8RtWXQ%2B4yWv%2FzzZujOpojWepE%2BC3XPUi4bwe%2B6A28OZyc5HtxS5hSFJfUgnF%2F6MKz7xM%2FbRzMnUeox4iL%2BtiByaxxRm4H8HcYDi0B3B3iQmfQT7uWwvxdz8nMvhXCKF2Y4MgKTj0giA5ZVfWbCzS00CJDJlVzUv6Hh7a9pJH55RKy3LoYl2rVajvOxbF9h7C54J8UO7LDGXdPU9Do8oyMXmq0wb8nQ9S1CNyVqQgAyOzPxknTTayFr%2By4XkDt0lSAixnWzabim34zkcem3JwmzjjcPhnQ4aXZmKCZFjijQh%2FdtBz8mmlCkJPNgK2vw%2BGRf1dGzLm8D7yYG4pH4hQy3SCAsfE%2By9DKw4IplSG4NV%2Bxpu%2FKx8EJJQ288TPJFYDZGAYbkCgHe5F26HxJq4onMYDDdzNre1M1QamiRj7jDYJnHSayiD1WnUv4ZjyjhaOYNV1Jep0ldx7VPr0eqksjvBMTvtwZV6Fu7TzyTR1JnH8PdoEUEXxo7WgFw6awYtRdnvoolkKVNouiKxvFitIQBGNtXslhkHaHmGhd3X9Guwz%2FukRIYzBgWngyARGI6Bjhg%2FqMkrifStM%2BiwwyoWI1xqHFka5oO66piWPcli1L5XOLszQfPS39kaM0MupuVMJvU2Y6hEEwGxc1AZfON9sL4VRAH%2BsMDObarUodGweR8Q%3D%3D&nvMid=89711759353&catId=50001519
아이폰 16프로 256GB Apple 미개봉 새상품,"814,090원",배송비무료,https://cr.shopping.naver.com/adcr?x=h12bmFmacb2Xu0y%2FRzTCjv%2F%2F%2Fw%3D%3DscCDgENoF6hWvTpiE0zvqAPgXO96kr5sP7z1P5%2BOg75gAjU5j3gjlMYsRq8%2BGHFpS67T%2FywGEAQv04ENZBhxv3DXJD0NsZoE8wg%2BLc2SvDZhHRaISaXjSXtxpkOUV9xcViUIblkks2eyOgX%2BoRrcWw9o3nY7XhpnrMTEPxBahsZVWdw2WpgtT4qzFy1Pl2l9a86k8cABegJR%2B1SSj2e%2F0oZJ%2FOgGCyGKY9VVNn1Hm0TYzjeOg5eZGBJjouOds%2Bh7JFOjygacoNtzbKjYQ1jLSD5YU9vVLAk%2Ban5%2Fl8VgH%2F0h%2Fa%2BYgLvEhZB6L4mu1RVPsafG1XbewK9ubVcEB9KkD%2BbLUG67TDJ1VcCCUrDWT6kgEmpJPAO4DDQQoL%2B%2F2fvyxth0KsdomSHqy5ZWXIJHaq99%2BKy%2Fm0d%2BgYWHtEf61Jo4AUk0tbEb%2BPaAR8Zvsauh478W87NoPmDuMTIiirnlTxgdjrdGqXPBoIJH1%2BI43vaV%2FlLnJwMa7Bt8R2%2FUDqQrCFQ64n%2B%2BnApEziySbpZdOu3Q590%2B5QtOeaY4bB1no090c1r%2BsZ%2FbjJH2R24XqYStWMFBqPYeE32IrAN96hjJ9ZbPvzNYOrer9WuAhNqSDkQ1pBJRHrjsZ18J9%2B%2FbGMCfAIcE7ONtcdOnPfQltEK2Z8%2BJ929YIXDB6IapBguDgPYg0ygZ9zdAMkDAHdbpmCTVYq4S2UyYSnSQlj7JTM4AbZAvqet95udyQkKqCpL%2FVScj%2BzVkU%2FLYrOBp7XpBMwJQ1cKnGuzTtiGmzLIjzCy2T8vQjf4rJV5QK4Q2sntWyiHgoK6Q36exVJsFubm8NlEsZn1aidtZvRFs5mU00SYr9Sw4SwcLvxUEucVmH%2BcOht40%3D&nvMid=58489811341&catId=50001519
아이폰 16프로 티타늄 256GB 미개봉 새제품,"944,000원",배송비무료,https://cr.shopping.naver.com/adcr?x=FzBRFdrbtGZ%2BlibWueNRtf%2F%2F%2Fw%3D%3DsIx7cR89pymXnYS%2BYh8pcTaoodMDBjm4qEf6rcT%2FiJ2hyoYErd7Wx1dfdVO6hh7qVCyB%2FHoxWLz2ZObd13WSrfsKdlAuo4CRofAy%2FiHp8jqv8RtWXQ%2B4yWv%2FzzZujOpojWepE%2BC3XPUi4bwe%2B6A28OZyc5HtxS5hSFJfUgnF%2F6MKz7xM%2FbRzMnUeox4iL%2BtiByaxxRm4H8HcYDi0B3B3iQmfQT7uWwvxdz8nMvhXCKF2jbc681x%2B%2F3gmeGvmvSMAY0CJDJlVzUv6Hh7a9pJH55RKy3LoYl2rVajvOxbF9h7C54J8UO7LDGXdPU9Do8oyMXmq0wb8nQ9S1CNyVqQgAyJ08tsPmcC2%2BzmehJc2Ugg4nsQ0QOuLBXgoe51BLlILfK98KaIZa4VBE0V5wqYGSTlL5lit6B2eXe%2BNXAwrOVCqQoF9qinDJPXbCsr3rbDZdVDcn730RNf8y0MSNUKFNzqhc%2Be64dvjtVLOvhQQ6Y9prGXnu9PuA%2FlmExwPAOAEfnMv1uC78oXvlpy1cm2BosO0fDzkeyJ6VkbPpjAtUYZ6Uz9dDVC3n1ymH4UN%2F6MJRnmpJgV7U1SrQcUEXaWI6BqZJxJcIa9CZKLakeQ0dNIqaLOzDnuIBJNJ2I15WfoudaOYTaZ6yBYwbHOFt5YFoLNOf4i9zFrBXE2548%2F2S161%2FDmz4Rie0ig2NSH19lkcFciwXB0ncA1P6X1fm9FDTeLsDUmW4VCm9XFfJSsbL9TfHICEQpPL7Rm%2B2fyhjEhHR&nvMid=88900069890&catId=50001519
아이폰 17 프로 맥스 256GB [자급제],"최저1,990,000원",배송비무료,https://cr.shopping.naver.com/adcr?x=KKefpfhQDK2%2BxhBXncvgC%2F%2F%2F%2Fw%3D%3DsXNXzkRHrlQhyZjTGJzmnHouMY0tt3%2FuiPvMQXYk%2FO6jxTAJR5s3V3RheLYZrm3hTuCeMOMqinwXPF8ORpr6QL2g6HabDTRx466CGciRiUnFBZuMfzSBinsMMtj7lqMfUEfgrM5HQzlTMQ9S1ZukRB54Qz6BmkUWnhlyhzEn3pxv5pu%2F3%2FpQ545OibOGRoXWV334rL%2BbR36BhYe0R%2FrUmjkI1yUrC8vID%2FKz%2F8c89qMtms9RCoKlVZCNzx3cZe45SY2ZxuAuvSW7ZwIsaDJftz694IFlqpi2PXO88uXmhtpEbvXdPY6%2Bs7K1BRmZuM%2F2sIYcO%2BwZChQd38bYTPmzUgD9rXyqENDUD8omnd%2BAEOivf3Vb8LXDlJWzaxi1N0VJ6s9JPgZxnuTycCixel%2FMAaFC8IvS%2BNPsEPJ7D6mlNi%2F5xE2%2BaQKQZMQadDGOBAZIq3gWN6W2GagqosRobjYedgBGJfVGaCStGMucxBS5Jw3XDlLc067aV0j95VySDsDgc7ou62Hl0mxddHx6BWeRVhofmXvphSlpgwH1Elgz8sMQulMSXmodDptJZCDmbU%2FWS8S21Oey7jc5pxS8BquOSqHtLHr%2FsBM4XbH4PxeMBLUYTpZg5EVTS5Py3%2Bhw6Wfm09SbZ8hVfDg%2BwZ4LZfMdELzxUYkhCeArR3aSSgJUuCJKsLQIR%2BmBzkSZJSb0JakqhUIkgLX2iQa3jAy84fXIyBQ1q4RxHKdKf%2Fyis4rudz3Q13%2Fc5fu8YswtB2dOCOcG0SLm71B3uxP5P9UfcoWJiZ1aFndIwdNwuWmKtx1HNSCrUkiyUGZ3FpPHvE7X48%2Bhb&nvMid=56666180942&catId=50001519
해외아이폰 17 프로 iPhone17 Pro 홍콩판 듀얼심 무음카메라 자급제 256GB,"1,897,000원","배송비100,000원",https://cr.shopping.naver.com/adcr?x=rrtdVW2CUqsuyuWsGNDR3v%2F%2F%2Fw%3D%3DsPhPUPelJlaOKk74RPtTmrLEu89ov9CePWalHJxfyItRyoYErd7Wx1dfdVO6hh7qV9AVovcafJduOovDjQNdmAsKdlAuo4CRofAy%2FiHp8jqv8RtWXQ%2B4yWv%2FzzZujOpojWepE%2BC3XPUi4bwe%2B6A28OZyc5HtxS5hSFJfUgnF%2F6MKz7xM%2FbRzMnUeox4iL%2BtiByaxxRm4H8HcYDi0B3B3iQmfQT7uWwvxdz8nMvhXCKF3SrtY3h3g1cP6zwAi5o19b0CJDJlVzUv6Hh7a9pJH55RKy3LoYl2rVajvOxbF9h7C54J8UO7LDGXdPU9Do8oyMXmq0wb8nQ9S1CNyVqQgAyI5n%2Ffo7FwheiAhiYaZFzfQACZ2lsf%2FOwxQQD6aivMQmzjjcPhnQ4aXZmKCZFjijQh%2FdtBz8mmlCkJPNgK2vw%2BGRf1dGzLm8D7yYG4pH4hQy3SCAsfE%2By9DKw4IplSG4NV%2Bxpu%2FKx8EJJQ288TPJFYALyaYsvPVjjYsLT0gJ%2F91hWigJFOpCz8EkjIT8tNKpO1FfYAQmtmEw%2FTpJZffad%2BmDG%2B0%2FXgLiEWMxjslPOn1vNx1%2Fqg3kCiPosxAQAjb5PinrJRG%2F78G%2F9NYC2KozQnPax1Q6FtxeyQykuwx96wJ9uG6CYNKpBIBSNXxvNnFYyIua4fJ%2FQhdmlF1FfnDEht4RyYi%2FqtRPH5hHiLpVYZa5KYTOF5KsHq%2BigGAc1pAeZ0F7yV69NiDpI7pg6s%2F8v3mRFLkWBxSK0bCXtXWa3rLzPXlyA5dnGOZXx9l0x0t0Bs2OqH9l6YII5ugOGfB4CYY%3D&nvMid=89923435612&catId=50001519
Apple 아이폰 12 mini 자급제  화이트  64GB,"348,000원",배송비무료,https://cr.shopping.naver.com/adcr?x=2Xb5GtNRh5nxz%2FmCQvlme%2F%2F%2F%2Fw%3D%3DsmOjlHWTh47Lw15ft%2BpHyd80WRMJkr%2F7KfGFNsq9OsxzxTAJR5s3V3RheLYZrm3hTS7rbYp0Ovz0gi65oCC8M4Gg6HabDTRx466CGciRiUnFBZuMfzSBinsMMtj7lqMfUEfgrM5HQzlTMQ9S1ZukRB54Qz6BmkUWnhlyhzEn3pxv5pu%2F3%2FpQ545OibOGRoXWVHNZtQ%2FiGx%2BQOIyH96Kmut2E6W4nW1ZBCJdFOCy3XN8wlaToL0ghSmUdGhrZMUHbDhsxCoSeBQNhekFZM3i0X%2B%2FEzggOzlmu%2FowE4agagGR4DNJCSxh%2BPZFE7POwgP2yiZUKBHo0uiC0mnrhTBHdY1wd3IHWUSIY5fBNr6HsuaNudUJQO7xBJ4ScUU6ua0IVFG713T2OvrOytQUZmbjP9rCGHDvsGQoUHd%2FG2Ez5s1IA%2Fa18qhDQ1A%2FKJp3fgBDor391W%2FC1w5SVs2sYtTdFSeoEA%2BB1K%2F76cwPo6ecNRlQrMG0xAK9cFbztp9AIDgfdSBopcmijOZJ%2FnY3%2BRYwO1XlU7JDrSxJ3iSb5oVLPIDV2OgG8wFzKa0ntzRCXv%2BBJre4PQ%2BEyBF1eXg8Q9OSpWqdxT7sDvz7BMQcKRBK9544NSIS32k7F%2F0RSECTeqm6C%2Fxv197fyjYSyXFrroWYEUdpt7JtL8lLsrF5%2B%2BJPVVD02WlaNrZI2lBuNoIuQIA6FyW2WrWimfgBGf0czLm75EhiUA3YqfpvgoZk%2Bx3eZEiTcG7b6rhvuoDMEZEyS2SpQrkEQL1hHJvwVcNVd4JRAfjHwJeXbnU6mZaLN%2BXPYoRZyzlJrAQHLMVXD15eB%2FmSqz9%2BcPZ65phKgb8ciORmnf%2B82OqH9l6YII5ugOGfB4CYY%3D&nvMid=59440054535&catId=50001519
해외아이폰se 아이폰se1 공기계 모두의애플 se1 골드 WIFI 16GB,"116,500원","배송비16,500원",https://cr.shopping.naver.com/adcr?x=IL01EBY69hFbITGCrLcc2P%2F%2F%2Fw%3D%3DseYJNwRqKNu7UKqWTmpm%2FHKIoEWj2FPahmZppbmRQxQbxTAJR5s3V3RheLYZrm3hT8l53QMVebB2LEz%2Fj8O9mfGg6HabDTRx466CGciRiUnFBZuMfzSBinsMMtj7lqMfUEfgrM5HQzlTMQ9S1ZukRB54Qz6BmkUWnhlyhzEn3pxv5pu%2F3%2FpQ545OibOGRoXWVRL6iu0rN9ANYEXkZX8p%2BoSEm%2FeWMmjv1VUimPr%2BbdY5KCKYwNzOeTTvaftn6B5q7ri3UMVU2rBl19rigmU%2F%2FbAlIoSvKTA%2Ffvxn7nqCVPzyk6v2w9jBqMGR4TTsgYaQnlII%2ByYYqWVu3SSXxcjEJdGRdwIWgkf2V%2BGp49FpN3ToAKclSuw08RvIpVpcucZ4zz8uESQ7naY7OVlsD1EtRRVU7JDrSxJ3iSb5oVLPIDV2OgG8wFzKa0ntzRCXv%2BBJre4PQ%2BEyBF1eXg8Q9OSpWqdxT7sDvz7BMQcKRBK9544PZop7RkxYRJrfsFOPWbCI7fMRYoh5IvyAIaSjSa4hcBCN9J3VDaMNqZvIWzhXmv1PUt7Q%2BL%2BFmgNm75SETEpMqaKkWd0cDYUbRbxDJ97usr4SiBncLJK9JAOEaD4Sv6qWs4T9CSJOmSRZAp9wAcRFCweTrgQKi2Z%2FRjJHl9XHJbhmrU4rje1UYquUPY5o0yzqxChwsQYZrTCyV4dzakWStmCRc3bkATe4PgOqeTUK9Rwxxygzh6RqniDE1awzWEYNiE8ngq710uvHqLcIMMW%2BPy1Vhq%2FH77x9Zlr1IFzyuow%3D%3D&nvMid=89679698641&catId=50000249
Apple 애플 아이폰 14 128GB 미개봉 새제품,"587,000원",배송비무료,https://cr.shopping.naver.com/adcr?x=8Gpq71rO%2Fng5lJHOdhDzbP%2F%2F%2Fw%3D%3DsGr5vag%2BF93hd7kCJtyrcSmeP19EX6BAREaOGOnlMYhNyoYErd7Wx1dfdVO6hh7qVKp5DQVSpWn%2FSfa47wtY4BcKdlAuo4CRofAy%2FiHp8jqv8RtWXQ%2B4yWv%2FzzZujOpojWepE%2BC3XPUi4bwe%2B6A28OZyc5HtxS5hSFJfUgnF%2F6MKz7xM%2FbRzMnUeox4iL%2BtiByaxxRm4H8HcYDi0B3B3iQmfQT7uWwvxdz8nMvhXCKF1y%2B2JDLvsLnZoC2AQByLsa0CJDJlVzUv6Hh7a9pJH55RKy3LoYl2rVajvOxbF9h7C54J8UO7LDGXdPU9Do8oyMXmq0wb8nQ9S1CNyVqQgAyG6HjbhpApAxIWDNh%2BqeuvPOY3Zl59jNNefyRb5L%2F1wGK98KaIZa4VBE0V5wqYGSTlL5lit6B2eXe%2BNXAwrOVCqQoF9qinDJPXbCsr3rbDZdVDcn730RNf8y0MSNUKFNzqhc%2Be64dvjtVLOvhQQ6Y9pjOjT2X30MU6jgEyoUkETviAHizvgGorWyz%2FHCPZlXR%2Bm0JRFeiw1x%2FCwL%2Fkjazz6lU1aWJgIZfYUk4vrgzVBljP6dW9yLfxWSG61BIA1%2BQxEKw%2FviVx7aVbNGf77KJxXngpWicsyr9AJo8gJSeYRSbelJiWpCQY2M84O2oNgyWLEKHCxBhmtMLJXh3NqRZK2QV0F11El%2BZHSGaROn0DBDXvg5frvKV0OydvF1LaFaQaRmKh22u51kimLnmnOm1FfLVWGr8fvvH1mWvUgXPK6j&nvMid=89878263762&catId=50001519
애플 아이폰16E 128G / iphone-16 E / SE4,"530,000원",배송비무료,https://cr.shopping.naver.com/adcr?x=EgX0KojfAoSKgAYiqaTQCv%2F%2F%2Fw%3D%3Ds3LiiBffcFHLtnm6CZgaTYN6z161uhqG6td8%2Bs3jGxyIAjU5j3gjlMYsRq8%2BGHFpSdPdreZSI6ttqdS1JIvjLmzXJD0NsZoE8wg%2BLc2SvDZhHRaISaXjSXtxpkOUV9xcViUIblkks2eyOgX%2BoRrcWw9o3nY7XhpnrMTEPxBahsZVWdw2WpgtT4qzFy1Pl2l9a9ET7et2EVoK3e%2FjN%2B1okdw2aTib2HZxYthgQwcsL0fNnsI%2FJ744xpxY0Atc8v6xR3Dgtggf2YVQlVfnSTNeSiybej91Uafv4EYqhsF0EZVm2HQqx2iZIerLllZcgkdqr334rL%2BbR36BhYe0R%2FrUmjgBSTS1sRv49oBHxm%2Bxq6HhGUNTRTVnIFv3hWsJ3mgdDrkATxskKyp%2FANJGu2h4z4H%2BUucnAxrsG3xHb9QOpCsLrP%2FHWJNTdAv%2B7XaYCj0pJdDn3T7lC055pjhsHWejT3RzWv6xn9uMkfZHbhephK1YwUGo9h4TfYisA33qGMn1ls%2B%2FM1g6t6v1a4CE2pIORDZW%2FIjW9MtPpZGsYX1MPHKbAK%2BFEp2ob85bpvvxlv70gctXkkt%2F2pdm501S3KIfBrlFskKx%2FEMfnUqcV0me4lEvilnQm6WJdxH4i53BX%2BE1mcsv5X9V%2F7DY9e6lwPw6vdRzNuIbZLzN0AjWZGakE2YZrWNLxRrWHCJoudYzHCivGsm8aMrhUaZKX14d%2FNQu4Sf2f9dzqwv4OuqBaMMGfSo7zp644WWpjEZbfG2bPvrGxDVCYCaeglF2rgr1u2OQIzQ%3D%3D&nvMid=56871423719&catId=50000246
해외아이폰SE1 올인원 풀박스 공기계 세컨폰 스페이스그레이 16GB 베이직,"86,000원","배송비9,000원",https://cr.shopping.naver.com/adcr?x=Nb85ufx%2Fk3VA4k%2B3phG3qf%2F%2F%2Fw%3D%3Ds6C917TExV857BqtXNh71HjboR2%2FJebjLWZfrU4WckDYAjU5j3gjlMYsRq8%2BGHFpSWRHPNwviqWTd6Cf1ZVoFrTXJD0NsZoE8wg%2BLc2SvDZhHRaISaXjSXtxpkOUV9xcViUIblkks2eyOgX%2BoRrcWw9o3nY7XhpnrMTEPxBahsZVWdw2WpgtT4qzFy1Pl2l9ahNAWEw0JCsb7LJXBJqKWV9015zgK%2BP5r4ZCysDfiDpXlE7tyK3nj358HyZsVSz%2BxyeoSC92MdnpdksktV3sucADSTqYGbTeoaBA3waq3vZ5VXemfpmeX70wC2wQT5nyi5pxiwDZPU40LYzhHX%2FcRv96537jpg5Q%2FOe3OTGGsIgUtp8MSOMSyfG2b48Xtl8wS5adVVOd36sZSkwU%2FrusCgkSW0C4FHbgJHmvRSjyIjxaob%2B7UOGYmvDWlhr8XfERqmBxehVBQ1yVoxbl9xtY7lZ5X9DGIsGH1dXWrvCnsy2rx1xxA4e1MAEyklpHYiCAAKN3Wa7XKNeQZNoxPQ1qyPJHCYQVNLk1ucTY4Z7EtU4Xp78%2BG5tGNP1Cxn5u%2FlKJNG1Drl3WLoLeE34yTk8gr1XyxKQlFF%2BNNPXA%2BgtH3wP0wgMx97vr8XV65iC0sJR%2BxOCra6Y0gBEiOYtMiixrldmiUzod1udkyKm4isR%2FLZHr3p6laZdqRc5ntsSpsXty01y69t6PH%2FdMXa0ZDaLhKe%2Bn44rhmFLlLDI3JuJiKZY69aQPjg0BFSb2Dt6VVQtvYLhmdK2KT%2FNyaJGcPL2goBm9TZjqEQTAbFzUBl8432wvhVEAf6wwM5tqtSh0bB5Hx&nvMid=89304859650&catId=50000249
아이폰 15 128GB Apple 미개봉 새상품,"643,000원",배송비무료,https://cr.shopping.naver.com/adcr?x=7wCtDPT3quFdNshad%2Btoef%2F%2F%2Fw%3D%3DsYrQs6KalJgFTbRMvwjZTn%2FdnWHmjRqznYbEwPzItoW0AjU5j3gjlMYsRq8%2BGHFpSrSgdgSZ9XCrU%2F%2B%2FH8xAz5zXJD0NsZoE8wg%2BLc2SvDZhHRaISaXjSXtxpkOUV9xcViUIblkks2eyOgX%2BoRrcWw9o3nY7XhpnrMTEPxBahsZVWdw2WpgtT4qzFy1Pl2l9ahNAWEw0JCsb7LJXBJqKWV9015zgK%2BP5r4ZCysDfiDpU%2BVL60lv3C9v2T8H1I%2BVg7AZK7%2BLRXuEB1amd%2Bmegi1wDSTqYGbTeoaBA3waq3vZ5VXemfpmeX70wC2wQT5nyi5pxiwDZPU40LYzhHX%2FcRvwQPjhcJgyVhXLtlY6Nt92CoyhiQ8PY%2BwWfM6UIi6RE25adVVOd36sZSkwU%2FrusCgkSW0C4FHbgJHmvRSjyIjxaob%2B7UOGYmvDWlhr8XfERqmBxehVBQ1yVoxbl9xtY7lZ5X9DGIsGH1dXWrvCnsy2oiL9%2B04ejEGLxW0V2kN3dLXSjQk1B2uZwo6vs7PtmzxJHCYQVNLk1ucTY4Z7EtU4Vzi0YMRqqUgSwZjAk6s1gIJPYiV8JHdDfsPWUMkBx%2FwUnkj%2FRYmnP6KQzoPswD39OmjwIxvAfT8DQoEWg32q03vZ%2FCnsXQweJ1lW2fvh%2BrSlnwLNzAY5YMY58C28CMR9o7ZMUTDeE17Mm6SOq583aRfH3PvW%2FKoXslh%2BmGWxps9Vgn2QcFFhIoYlSOzM9ynk4dHI8FZtQVGFZJxOyBDKc%2B&nvMid=88646726618&catId=50000249
아이폰 에어 256GB [자급제],"최저1,431,000원",배송비무료,https://cr.shopping.naver.com/adcr?x=35VZF0g%2BbA0xgndZrnuBs%2F%2F%2F%2Fw%3D%3DsxYKjy317ecb5D98dMSUlqtsogIJzFj8CJ%2BHgoyDp%2F1ZyoYErd7Wx1dfdVO6hh7qVmnYHYf2WTDnXcvZSm358BsKdlAuo4CRofAy%2FiHp8jqv8RtWXQ%2B4yWv%2FzzZujOpojWepE%2BC3XPUi4bwe%2B6A28OZyc5HtxS5hSFJfUgnF%2F6MKz7xM%2FbRzMnUeox4iL%2BtiBhmeWtJmvw8M90EK%2Bzy5a114nEdwofithSFzlLG8az9CgxMQMkrUw3qRsdYcLeGg2Ik7uNvEAL%2BEcmclsT2kPbblIRP%2BZOH7CveIqcMav0VGhrlJb2QGQvUWr8W3ojpnmMWit%2FicZSA%2FCK%2Fne362WaoBsJjzV%2F3vl5Lmd9HbkUGI%2FzdYC%2FwYAihDQzAs9Z5v9g4cBmRYA6li21JA0MZMz4LNoujdiiNe5Aky91pn4j%2FKFvIJJK89HyB%2F1VSF9qpB8z06a5i2ttOqXZD2Ym%2FtufzQW2tmil%2BKwFmbgnP0tlTbSHZ2jovQrbtm%2FvnR95HArkVEzBTCDFwT1FHHcnBo2PUUH6d%2BdKOsqEJ%2FvwS9cPESbJ6flkRk2MUYrZl8lcqaSQ5NpxzD%2BGh1Qsf3DjaBN7i4ER8MhRnweNnMr5OeNjIl6jvySWdAuqdDBn5xzOS4ID%2FjIDOzBN6B6X%2Fn0TOvPNx%2BwoWYWVUXjBCrEQWJpAvgEopdn5vw51FM7toQF818ujFitzWGs8QMlvETLtFFBOr%2BGBoyQkiFtSLwcV09cBvfODnZS19CTzTxA7LOo1BwVoxOAkuxMuKmX1bKzjWglw4VsN%2FiAcjmtIwlTUFZwg6A%3D&nvMid=56665469844&catId=50001519
Apple 아이폰 17 Pro 자급제,"1,790,000원",배송비무료,https://cr.shopping.naver.com/adcr?x=4S73OJTC7P2ox6Z4g9h2r%2F%2F%2F%2Fw%3D%3Ds%2F8%2F86AEw6EPAm3RTAvYHFX%2BtOKqzmsSHooj6BEmEp%2B5yoYErd7Wx1dfdVO6hh7qVPd1zfE1UL5T4tKB%2FslKQj8KdlAuo4CRofAy%2FiHp8jqv8RtWXQ%2B4yWv%2FzzZujOpojWepE%2BC3XPUi4bwe%2B6A28OZyc5HtxS5hSFJfUgnF%2F6MKz7xM%2FbRzMnUeox4iL%2BtiB49gWwo4YAEWGPlnOMWQUB4qPKnSzTV71gbnTAjWaxQ8Em5iFiaDShHvdt27N4KYR5hty6POe4eOs20aB8Gc40knXSW7UBfWt9bbPh9vSFXnhP4SvIFreXiJwESfVtkW3STqVRQd5ne%2Bvouh03qRpQjp8RR%2FmA7EXoFjaIRLBQ6NnBp0CZbe%2FMqaW0KWdBg8GJhS5dmARgxIF9Xqb7UhI5k5b35ddtoEpJzAjdaX4YY7L%2Fowdnq7%2Fmfq67OVRzok0S5SJNLgIdS1XFCtZ5GETGJxMy2vjtY5WwhoDA12W9EqzXySkQmkxRhkc3EbjULLPDG4evy%2BM13j64UYOnhTyGUWrQYdwQNgfl5kLUrYkI%2Fl8igSuVEYwQPUKBRz%2F2EN2%2BQaZNgYJHHKeII8hfQtwaU87cyhA9arDk8UyxtT4F3tDr2E5BDsg4P5KR5WuQMPyChqCAWWGBKTztZ1T%2Bow1qszWXB9DLtKtEf8SyGaf8R3NQVU%2Fmy4Iez%2BgzlNKoQSiswnw1ZBxo1IYW2sEnlKGAlXus3X3%2FUSQ0JAYUgqBQd791HD%2BAp%2FhWXOJJvLOCmuAKYTOF5KsHq%2BigGAc1pAeZ73jcMaKlLPZ%2BXEC8hJ6LicM215aqBTtDphr91%2FD%2BzOqgxueeJCXzxPklKfbVJtZEwau4fTwOUqyF63FjwpQRls%3D&nvMid=57160310198&catId=50001519
Apple 정품 아이폰 15 자급제,"1,090,000원",배송비무료,https://cr.shopping.naver.com/adcr?x=x463T1EAlAD9xr6ShdOFpP%2F%2F%2Fw%3D%3DsiFLyhZAr9XuOBLZpJ%2FaAqjA2tp9OQBGAnlr95wcv4nXxTAJR5s3V3RheLYZrm3hTyOoXrkTi1nwMifU8FLpLu2g6HabDTRx466CGciRiUnFBZuMfzSBinsMMtj7lqMfUEfgrM5HQzlTMQ9S1ZukRB54Qz6BmkUWnhlyhzEn3pxv5pu%2F3%2FpQ545OibOGRoXWVHNZtQ%2FiGx%2BQOIyH96Kmut2E6W4nW1ZBCJdFOCy3XN8xCTlZD3bGYF8fReZaUF6ytOwOj%2BMdELPS7F7AFClI6J2LfSilXe%2FnU1hHagnqZPm5jOFxbNR33q6a1PjxL44GIhf5JcafHPKeX%2FqH8o5V%2F5yD7lC7V%2FsnC6uR9v48dKkqFQG7NGYp4ubCFp%2BKzIXf7RKc1J%2BpTBA24RhEmRM%2BTkkR%2FC1cjkFQXUDY8a5awQ4HDpmNu2Rs3tEPrV0ZTODsbWqyaFa2xLbpwGCJChqMDqoaCmTZhGIxDErYaDWaIX%2F6FBqlYsZUWsJTnzT9yWjaXK98KaIZa4VBE0V5wqYGSTlL5lit6B2eXe%2BNXAwrOVCqQoF9qinDJPXbCsr3rbDZdVDcn730RNf8y0MSNUKFNzqhc%2Be64dvjtVLOvhQQ6Y9qM50ACO8o8%2FWWv4zeeysC7Q0l8iqbvQ1O2EpR3yjFHzxJrLmIi7JDv1JF5lP3D3EHtEy4YMzlA7Fpzun4tGuCit%2FaFy%2B3sF%2FfRnjPe25Eg%2Fkz%2BIiTy56Pout0ublT1yewPSsKPLY0adAVzlDEgd7V2NiFgIp6Q8IO9tMwX%2FAlClz21tJE2yg9JiNWG%2FO2cPfORd0Xmft2MsnwUWVnxAklNWCfZBwUWEihiVI7Mz3KeTh0cjwVm1BUYVknE7IEMpz4%3D&nvMid=50864833884&catId=50001519
Apple 정품 아이폰 15 Pro 자급제  화이트티타늄  256GB,"1,248,000원",배송비무료,https://cr.shopping.naver.com/adcr?x=broiFye7gjPdBUozmtNYC%2F%2F%2F%2Fw%3D%3Dstmcrt12vJDUfF843VoEGMYNbg5bIrxgIWPzl2Ol6MxIAjU5j3gjlMYsRq8%2BGHFpSAHBaUusZG2zbXGeRKf%2B6TTXJD0NsZoE8wg%2BLc2SvDZhHRaISaXjSXtxpkOUV9xcViUIblkks2eyOgX%2BoRrcWw9o3nY7XhpnrMTEPxBahsZVWdw2WpgtT4qzFy1Pl2l9a6InUdgRJ2eKXcsL2jyhcXKQfvg83DEGAmQ8NhqAZnU%2BvNhfMVwv5qRsd8T6jCZuzxHQufJ%2BQnN2Uoaz7k5TUn%2BqmDd0iKQnUpATolOvIkRHCtJ7JAXYn%2F4KMtlBnDzwHEYUv%2F6pSdxd8YyBpTC2eApZ6SzFy%2F9g3lwMWncKMgK4Hu1JHRhl8Hlz17ULLnnGW5lZVDDORlPZQoSGHBJsdfdOeDE59JCWpmiRIGy4HJplD4P%2Bj2CVvS6QkrpszyaIoCuwrUM2Vi5bq9fxYHuPhKYdcT7M5a7N3VQzXiASoZpG9Np04Wt1KHRUB7aIeHaOx6nYt0P5vFdgOY0ddt5wMGUscO07O7hbk0nPyZPuLaytOF0C4%2B7JZ%2BzGVaUcAVv7DfWfzlV1IppQekYQquHtITC0X2snQ83bzMJk23qq9DTzM1c4nPSV4DOTxXGpCfL44sbGKzIPZJhdJ5OFGE527fJwQPibd4OA%2Fd68Roc91pATaalnFdve9Ze56%2FUfv9m%2BcHq0NhAmV4JrGkvkarW9XGGbremZ4%2FfEgIoouil9jWx5MVRM77HEUWCva%2BwryBZDk%2FSD7IJYoUt064RODGgv2oDTmp5OSOlGTQM%2FZRhDVoA6jrgWQ%2F0JBsjHud4pzo5y1%2FL%2FI83F8zFlRxuRwBydIA5LrIlAnIZZ3AYbF5mrEMwEh9PcH3dk3hY1vIQT1MSV2gqgOvq6z5EpEI5N2xav1Mg%3D%3D&nvMid=59448928090&catId=50001519
Apple 아이폰 13 미니 256GB,"239,250원",배송비무료,https://cr.shopping.naver.com/adcr?x=exgotzVOck1Gi2F8VmV8eP%2F%2F%2Fw%3D%3Dsx6nP6Z1561Y4WUd89X6XbPjMwzKTPS8B39jG%2BSq1RDnxTAJR5s3V3RheLYZrm3hTzPD1zkJermcvsMKJzim5PWg6HabDTRx466CGciRiUnFBZuMfzSBinsMMtj7lqMfUEfgrM5HQzlTMQ9S1ZukRB54Qz6BmkUWnhlyhzEn3pxv5pu%2F3%2FpQ545OibOGRoXWVf2MG9AXvwvuLumcvgXVmMw1oujzl7odrvtpDhD%2BnuxIKreIqouP5FZPeQtUxfxNdcfaOcFHDLN5ZBvl05RdsC8y%2FJs%2Fn%2BCR%2B9OfNIlSGfxWQN3%2B%2BQWl%2F5ax09RZvoCKnMWit%2FicZSA%2FCK%2Fne362WaoBsJjzV%2F3vl5Lmd9HbkUGI%2FzdYC%2FwYAihDQzAs9Z5v9BmXjFXZNWMYKuNhap5803ZLeHnG6aMcNxsMW0%2FXy9GKDNEZAypcFY1Z5QAtH0i5K54C533N0H68SMs6hx0dI24%2F%2F7nCRKJgJtFkLtp9JOiMeXiON%2B3qlEULS%2BvHS28%2B70xD6xqBj1iSvdO8bQ6kXiBZ1PUv6QVrWL9ut91Iny3mhaurlTdS9Rsf%2FQB4bACkUxnOKzEe7IQNs9tYyaH5Vg1sCXnT5UXlCQtowxOY74348KWTArnkIO8iyQeudTkBmxUbt%2B74GhMayLtY9XE1ZCL6F5atfr%2FrwDEAmaSW9Gu8aIbT4wPT2RVq4kndhIVrUeb%2Ba40dZsUYBfZa%2FbG6pZZddyTV21lej7EaRAfAolkXLVWGr8fvvH1mWvUgXPK6j&nvMid=59537190949&catId=50001519
